Rk,Player,Twitter
1,Alaa Abdelnaby\abdelal01,alaatweets
2,Kareem Abdul-Jabbar\abdulka01,kaj33
3,Shareef Abdur-Rahim\abdursh01,ShareefAbdur_R
4,Thomas Abercrombie\abercth01,tomabo10
5,Álex Abrines\abrinal01,alexabrines
6,Tim Abromaitis\abromti01,timabro21
7,Precious Achiuwa\achiupr01,PreciousAchiuwa
8,Quincy Acy\acyqu01,QuincyAcy
9,Jalen Adams\adamsja02,ja4hunnid
10,Jaylen Adams\adamsja01,10jadams
11,Jordan Adams\adamsjo01,jordanadams1231
12,Steven Adams\adamsst01,RealStevenAdams
13,Bam Adebayo\adebaba01,Bam1of1
14,Deng Adel\adelde01,Foreverdeng
15,Jeff Adrien\adrieje01,Adrien4
16,Maurice Ager\agerma01,moeager
17,C.J. Aiken\aikencj01,cjaiken01
18,Danny Ainge\aingeda01,danielrainge
19,Alexis Ajinça\ajincal01,AjincaAlexis42
20,DeVaughn Akoon-Purcell\akoonde01,dap44_
21,Cenk Akyol\akyolce01,cenkakyol
22,Furkan Aldemir\aldemfu01,furkanaldemir19
23,Cole Aldrich\aldrico01,colea45
24,LaMarcus Aldridge\aldrila01,aldridge_12
25,Cliff Alexander\alexacl01,CAlexander
26,Kyle Alexander\alexaky01,KyleJamal4
27,Ty-Shon Alexander\alexaty01,5Tyshon
28,Nickeil Alexander-Walker\alexani01,NickeilAW
29,Bryce Alford\alforbr01,balford20
30,Rawle Alkins\alkinra01,Iam_RawleAlkins
31,Grayson Allen\allengr01,GraysonJAllen
32,Jarrett Allen\allenja01,_bigjayy_
33,Kadeem Allen\allenka01,AllenKadeem
34,Lavoy Allen\allenla01,chefVOYardee
35,Malik Allen\allenma01,THEleekAllen30
36,Ray Allen\allenra02,greenRAYn20
37,Tony Allen\allento01,aa000G9
38,Morris Almond\almonmo01,FreeMoAlmond
39,John Amaechi\amaecjo01,JohnAmaechi
40,Al-Farouq Aminu\aminual01,farouq1
41,Alade Aminu\aminual02,Aminu_34
42,Lou Amundson\amundlo01,LouAmundson17
43,Alan Anderson\anderal01,ASqared06
44,C.J. Anderson\andercj01,cjanderson_23
45,Justin Anderson\anderju01,JusAnderson1
46,Kenny Anderson\anderke01,chibbs_1
47,Kyle Anderson\anderky01,KyleAnderson5
48,Andrew Andrews\andrean01,Drew_squared
49,Zach Andrews\andreza01,21zachandrews
50,Braian Angola-Rodas\angolbr01,Angola2411
51,Ike Anigbogu\anigbik01,IkePostrs_
52,O.D. Anosike\anosiod01,Anosike_1
53,Giannis Antetokounmpo\antetgi01,Giannis_An34
54,Kostas Antetokounmpo\antetko01,Kostas_ante13
55,Thanasis Antetokounmpo\antetth01,Thanasis_ante43
56,Carmelo Anthony\anthoca01,carmeloanthony
57,Cole Anthony\anthoco01,The_ColeAnthony
58,Greg Anthony\anthogr01,GregAnthony50
59,OG Anunoby\anunoog01,OAnunoby
60,Robert Archibald\archiro01,RobertArchibald
61,Ryan Arcidiacono\arcidry01,RyArch15
62,Gilbert Arenas\arenagi01,agentzeroshow
63,Trevor Ariza\arizatr01,TrevorAriza
64,B.J. Armstrong\armstbj01,bjarmstrong
65,Darrell Arthur\arthuda01,DarrellArthur00
66,Jamel Artis\artisja01,melartis1
67,Olu Ashaolu\ashaool01,O_Ash
68,Brandon Ashley\ashlebr01,_Bash21
69,Ömer Aşık\asikom01,AsikOmer
70,Eric Atkins\atkiner01,EAtkins0
71,Zach Auguste\augusza01,ZachEliAuguste
72,D.J. Augustin\augusdj01,augustinDj14
73,Brandon Austin\austibr02,Jumpman_BA
74,Deni Avdija\avdijde01,deniavdia8
75,J.J. Avila\avilajj01,NotLilJay
76,Gustavo Ayón\ayongu01,Gustavo_Ayon15
77,Deandre Ayton\aytonde01,DeandreAyton
78,Kelenna Azubuike\azubuke01,KAzubuike7
79,Udoka Azubuike\azubuud01,TimUdoka
80,Yudai Baba\babayu01,babaseyo
81,Luke Babbitt\babbilu01,Realbabbitt08
82,Jordan Bachynski\bachyjo01,BLOCKchynski
83,Dwayne Bacon\bacondw01,BaconDwayne1000
84,Marvin Bagley\baglema01,MB3FIVE
85,Ron Baker\bakerro01,RonBaker31
86,Gracin Bakumanya\bakumgr01,gbakumanya
87,Kamar Baldwin\baldwka01,kamar3baldwin
88,Wade Baldwin\baldwwa01,The_Fourth_Wade
89,Renaldo Balkman\balkmre01,R_Balkman32
90,LaMelo Ball\ballla01,MELOD1P
91,LiAngelo Ball\ballli01,LiAngeloBall
92,Lonzo Ball\balllo01,ZO2_
93,Mohamed Bamba\bambamo01,TheRealMoBamba
94,Desmond Bane\banede01,DBane0625
95,Cat Barber\barbeca01,catbarber1994
96,Leandro Barbosa\barbole01,TheBlurBarbosa
97,J.J. Barea\bareajo01,jjbareapr
98,Jaylen Barford\barfoja01,Jbarford1
99,Andrea Bargnani\bargnan01,AndreaBargnani
100,Harrison Barnes\barneha02,hbarnes
101,Matt Barnes\barnema02,Matt_Barnes22
102,Jordan Barnett\barnejo01,JBounce33
103,Kyle Barone\baronky01,KB33_
104,RJ Barrett\barrerj01,RjBarrett6
105,Earl Barron\barroea01,earldee
106,Brent Barry\barrybr01,Barryathree
107,Canyon Barry\barryca01,cbarry719
108,Rick Barry\barryri01,Rick24Barry
109,Will Barton\bartowi01,WillTheThrillB5
110,Keita Bates-Diop\bateske01,KBD_33
111,Shane Battier\battish01,ShaneBattier
112,Nicolas Batum\batumni01,nicolas88batum
113,Jerryd Bayless\bayleje01,jerrydbayless
114,Elgin Baylor\bayloel01,elginbaylor
115,Aron Baynes\baynear01,aronbaynes
116,Kent Bazemore\bazemke01,24Bazemore
117,Darius Bazley\bazleda01,BazleyDarius
118,V.J. Beachem\beachvj01,VJBeachem
119,Bradley Beal\bealbr01,RealDealBeal23
120,Malik Beasley\beaslma01,Mbeasy5
121,Michael Beasley\beaslmi01,Michael8easley
122,Beau Beech\beechbe01,beaubeech02
123,Mirza Begić\begicmi01,BegicMirzaBM
124,Marco Belinelli\belinma01,marcobelinelli
125,Charlie Bell\bellch01,flintstone14
126,Jordan Bell\belljo01,1jordanbell
127,Troy Bell\belltr01,TroyBellS2P
128,DeAndre' Bembry\bembrde01,fearthefro95
129,Dragan Bender\bendedr01,DBender03
130,Jonathan Bender\bendejo01,jonathanbender9
131,Anthony Bennett\bennean01,AnthonyBennett
132,Keith Benson\bensoke02,RealKITO
133,Ben Bentil\bentibe01,benbentil
134,Jared Berggren\berggja01,jberggren40
135,Davion Berry\berryda01,DavionBerry
136,Joel Berry\berryjo01,JoelBerryII
137,Dairis Bertāns\bertada02,DairisBertans
138,Dāvis Bertāns\bertada01,DBertans_42
139,Javon Bess\bessja01,Jb_Bizzle
140,Patrick Beverley\beverpa01,patbev21
141,Saddiq Bey\beysa01,_Beyyy15
142,Tyler Bey\beyty01,Tbeeyy
143,Justin Bibbs\bibbsju01,JustinBibbs10
144,Kavell Bigby-Williams\bigbyka01,Kavell6ft11
145,Chauncey Billups\billuch01,1MrBigShot
146,Khem Birch\birchkh01,Khem_Birch
147,Jabari Bird\birdja01,Jabari_Bird
148,Goga Bitadze\bitadgo01,GogaBiitadze
149,Bismack Biyombo\biyombi01,bismackbiyombo
150,Nemanja Bjelica\bjeline01,NemanjaBjelica
151,Tarik Black\blackta01,TarikBlack25
152,James Blackmon\blackja02,JBlackmon2
153,DeJuan Blair\blairde01,DeJuan45
154,Steve Blake\blakest01,SteveBlake5
155,Antonio Blakeney\blakean01,blakeney96
156,Andray Blatche\blatcan01,drayblatche
157,Eric Bledsoe\bledser01,EBled2
158,Keljin Blevins\blevike01,KBlevs02
159,Jaron Blossomgame\blossja01,JaronBgame
160,Vander Blue\blueva01,veezy_SQ
161,Trevon Bluiett\bluietr01,TrevonBluiett
162,Ryan Boatright\boatrry01,Ryanboatright11
163,Bennie Boatwright\boatwbe01,benniebuckets__
164,Bogdan Bogdanović\bogdabo01,LeaderOfHorde
165,Bojan Bogdanović\bogdabo02,44Bojan
166,Muggsy Bogues\boguemu01,MuggsyBogues
167,Andrew Bogut\bogutan01,andrewbogut
168,John Bohannon\bohanjo01,johnbohannon21
169,Bol Bol\bolbo01,BolBol
170,Jonah Bolden\boldejo01,Jonahbolden43
171,Marques Bolden\boldema01,MarquesB__
172,Leandro Bolmaro\bolmale01,BolmaroLeandro
173,Joel Bolomboy\bolomjo01,Bolomboy21
174,Tim Bond\bondti01,itsbout_TIM
175,Jordan Bone\bonejo01,JordanBone23
176,Isaac Bonga\bongais01,isaacbonga
177,Matt Bonner\bonnema01,MattBonner_SAS
178,Devin Booker\bookede01,DevinBook
179,Devin Booker\bookede02,DevinBooker31
180,Trevor Booker\booketr01,35_Fitz
181,Phil Booth\boothph01,Philb_5
182,Carlos Boozer\boozeca01,MisterCbooz
183,Chris Bosh\boshch01,chrisbosh
184,Chris Boucher\bouchch01,chrisboucher
185,Jordan Bowden\bowdejo01,_iamjbow
186,Brian Bowen\bowenbr02,tugs_
187,Bruce Bowen\bowenbr01,Bowen12
188,Ryan Bowen\bowenry01,rybo40
189,Laurence Bowers\bowerla01,LBowers_21
190,Ky Bowman\bowmaky01,KyranBowman
191,Craig Brackins\brackcr01,Cbrackins_33
192,Avery Bradley\bradlav01,Avery0Bradley
193,Tony Bradley\bradlto01,ToBrad1
194,Jarrell Brantley\brantja01,jstuntbrantley
195,Taylor Braun\braunta01,taylorbraun2324
196,Ignas Brazdeikis\brazdig01,_iggy_braz
197,Corey Brewer\breweco01,TheCoreyBrewer
198,Ronnie Brewer\brewero02,RonnieBrewerJr
199,Primož Brezec\brezepr01,Primozbrezec
200,Mikal Bridges\bridgmi01,mikal_bridges
201,Miles Bridges\bridgmi02,MilesBridges
202,Amida Brimah\brimaam01,amidabrimah
203,Isaiah Briscoe\briscis01,ZayBriscoe
204,Oshae Brissett\brissos01,Obrissy
205,Jon Brockman\brockjo01,MrJonBrockman
206,Ryan Broekhoff\broekry01,RBroekhoff45
207,Malcolm Brogdon\brogdma01,MalcolmBrogdon7
208,Aaron Brooks\brookaa01,Thirty2zero
209,Armoni Brooks\brookar01,snipabrooks_
210,Dillon Brooks\brookdi01,dillonbrooks24
211,MarShon Brooks\brookma01,Marshon2
212,Alec Brown\brownal01,AlecBrown21
213,Anthony Brown\brownan02,TwoShotOne
214,Bobby Brown\brownbo02,BBROWNLAU
215,Bruce Brown\brownbr01,BruceBrown11
216,Bryce Brown\brownbr02,Bwb_2
217,Charlie Brown\brownch02,charleskbrownjr
218,Dee Brown\brownde03,deebrown11
219,Derrick Brown\brownde04,D_Brown4
220,Jabari Brown\brownja01,Bari_BrownIDF
221,Jaylen Brown\brownja02,FCHWPO
222,Lorenzo Brown\brownlo01,Zo_Brown
223,Markel Brown\brownma02,iMarkelBrown22
224,Moses Brown\brownmo01,MosesBrown_
225,Sterling Brown\brownst02,thatnegus_sb
226,Troy Brown\browntr01,Troy_Brown33
227,Mike Bruesewitz\bruesmi01,mbruesewitz31
228,Jalen Brunson\brunsja01,jalenbrunson1
229,Nicolás Brussino\brussni01,nicoobrussino
230,Elijah Bryant\bryanel01,Elijah_Bryant3
231,Kobe Bryant\bryanko01,kobebryant
232,Thomas Bryant\bryanth01,nolimittb31
233,Shaq Buchanan\buchash01,ShaqLeroy
234,Chase Budinger\budinch01,CBudinger
235,Reggie Bullock\bullore01,ReggieBullock35
236,Trey Burke\burketr01,TreyBurke
237,Alec Burks\burksal01,AlecBurks10
238,Antonio Burks\burksan01,antonioburks
239,Scott Burrell\burresc01,sburrell24
240,Deonte Burton\burtode01,DeonteBurton
241,Deonte Burton\burtode02,DeeBurton30
242,Caron Butler\butleca01,realtuffjuice
243,Jimmy Butler\butleji01,JimmyButler
244,Rasual Butler\butlera01,RasualButler45
245,Dwight Buycks\buyckdw01,BizzleWorld20
246,Bruno Caboclo\cabocbr01,Bruno_Caboclo
247,Devontae Cacok\cacokde01,Vontae__15
248,Junior Cadougan\cadouju01,JRwontLOSE
249,Michael Cage\cagemi01,Exhoopsmc
250,Nick Calathes\calatni01,Nick_Calathes15
251,José Calderón\caldejo01,JmCalderon
252,Kentavious Caldwell-Pope\caldwke01,CaldwellPope
253,Perrion Callandret\callape01,Perriontf
254,Marcus Camby\cambyma01,MarcusCamby23
255,Facundo Campazzo\campafa01,facucampazzo
256,Isaiah Canaan\canaais01,SiP03
257,Vlatko Čančar\cancavl01,CancarVlatko
258,Devin Cannady\cannade01,devin_cannady3
259,Clint Capela\capelca01,CapelaClint
260,Derrick Caracter\caracde01,RebuildCaracter
261,Brian Cardinal\cardibr01,BrianCardinal
262,Vernon Carey\careyve01,vernoncarey22
263,Jackie Carmichael\carmija01,Jackie_C32
264,Antoine Carr\carran01,AntoineCarr55
265,Austin Carr\carrau01,MrCavalier34
266,Phillip Carr\carrph01,PhilippeChow_
267,Tony Carr\carrto01,Tone10Carr
268,DeMarre Carroll\carrode01,DeMarreCarroll1
269,Jeffrey Carroll\carroje01,J30Carroll
270,Matt Carroll\carroma01,matt13carroll
271,Jevon Carter\carteje01,nextlevel_03
272,Sampson Carter\cartesa01,mrvincecarter15
273,Vince Carter\cartevi01,mrvincecarter15
274,Wendell Carter\cartewe01,wendellcarter34
275,Michael Carter-Williams\cartemi01,mcarterwilliams
276,Alex Caruso\carusal01,ACFresh21
277,Omri Casspi\casspom01,Casspi18
278,Willie Cauley-Stein\caulewi01,THEwillieCS15
279,Troy Caupain\caupatr01,caupain10
280,Tyler Cavanaugh\cavanty01,tycav34
281,Ahmad Caver\caverah01,MAHDTHAGOD
282,Cedric Ceballos\cebalce01,cedceballos
283,Mario Chalmers\chalmma01,mchalmers15
284,Tyson Chandler\chandty01,tysonchandler
285,Wilson Chandler\chandwi01,wilsonchandler
286,Clint Chapman\chapmcl01,ChapFTW
287,Rex Chapman\chapmre01,RexChapman
288,Joe Chealey\chealjo01,joe_chealey
289,Zylan Cheatham\cheatzy01,1KingZ4
290,Josh Childress\childjo01,JChillin
291,Yoeli Childs\childyo01,yochilds22
292,Chris Chiozza\chiozch01,Chiozza11
293,Marquese Chriss\chrisma01,quese
294,Doug Christie\chrisdo01,TheDougChristie
295,Dionte Christmas\chrisdi01,Dchristmas22
296,Rakeem Christmas\chrisra01,R_Xmas25
297,Semaj Christon\chrisse01,SemajChriston
298,Keith Clanton\clantke01,Im_Keithclanton
299,Gary Clark\clarkga01,Gary11_Clark
300,Ian Clark\clarkia01,IanClark
301,Keydren Clark\clarkke03,KeydrenClark
302,Brandon Clarke\clarkbr01,brandonclarke23
303,Jordan Clarkson\clarkjo01,JordanClarksons
304,Gian Clavell\clavegi01,clavelito04
305,Victor Claver\clavevi01,Victor_Claver
306,Nicolas Claxton\claxtni01,_claxton33
307,Speedy Claxton\claxtsp01,speeddeamon
308,Mateen Cleaves\cleavma01,Mateen_Cleaves
309,Chris Clemons\clemoch01,idropcoldbucks
310,Antonius Cleveland\clevean01,ac_uno1
311,Will Clyburn\clybuwi01,Da_Thrill21
312,Mike Cobbins\cobbimi01,The1_MikeCobbs
313,Jeff Coby\cobyje01,JC40A3
314,Amir Coffey\coffeam01,coffeyshop_
315,Jake Cohen\cohenja01,jacohen15
316,Derrick Coleman\colemde01,44TheLegend
317,Jarron Collins\collija03,jarronctwin
318,John Collins\collijo01,jcollins20_
319,Sherron Collins\collish01,SHERRONCOLLINS4
320,Zach Collins\colliza01,zcollins_33
321,Kyle Collinsworth\colliky01,bigrussia5
322,Darren Collison\collida01,Darren_Collison
323,Nick Collison\collini01,nickcollison4
324,Bonzie Colson\colsobo01,Bacolson35
325,Mike Conley\conlemi01,MCONLEY10
326,Pat Connaughton\connapa01,pconnaughton
327,Will Conroy\conrowi01,CHILLCONROY
328,Daequan Cook\cookda02,DC4Three
329,Keandre Cook\cookke01,_Drecook
330,Quinn Cook\cookqu01,QCook323
331,Tyler Cook\cookty01,iamtc25
332,Charles Cooke\cookech01,c4_cooke
333,Derek Cooke\cookede01,DCookeJr
334,Jack Cooley\cooleja01,JackCooligan45
335,Michael Cooper\coopemi01,ShowtimeCooper
336,Isaïa Cordinier\cordiis01,izaycordinier
337,Petr Cornelie\cornepe01,Petr_Cornelie
338,Matt Costello\costema01,MattCostello10
339,DeMarcus Cousins\couside01,boogiecousins
340,Robert Covington\covinro01,Holla_At_Rob33
341,Anthony Cowan\cowanan01,AnthonyCowanJr
342,Allen Crabbe\crabbal01,allencrabbe
343,Aaron Craft\craftaa01,ACraft4
344,Torrey Craig\craigto01,TCraig_23
345,Chris Crawford\crawfch02,clutchcrawford3
346,Drew Crawford\crawfan01,TheRealDrewski1
347,Jamal Crawford\crawfja01,JCrossover
348,Joe Crawford\crawfjo01,JoeCrawford5
349,Jordan Crawford\crawfjo02,jcraw55
350,Austin Croshere\croshau01,AustinCroshere
351,John Crotty\crottjo01,JohnCrottyHEAT
352,Jae Crowder\crowdja01,CJC9BOSS
353,Jarrett Culver\culveja01,jarrettc08
354,Will Cummings\cummiwi01,willcummings_
355,Dante Cunningham\cunnida01,DlamarC33
356,Jared Cunningham\cunnija01,J1Flight
357,Eddy Curry\curryed01,Eddy_Curry
358,Seth Curry\curryse01,sdotcurry
359,Stephen Curry\curryst01,StephenCurry30
360,Glen Dandridge\dandrgl01,GD25
361,Nemanja Dangubić\dangune01,DangubicNemanja
362,DeAndre Daniels\daniede01,D_Daniels2
363,Marquis Daniels\daniema01,Marquis_Daniels
364,Troy Daniels\danietr01,troydaniels
365,Nate Darling\darlina01,natedarling14
366,Luigi Datome\datomlu01,GigiDatome
367,Anthony Davis\davisan02,AntDavis23
368,Baron Davis\davisba01,BaronDavis
369,Devin Davis\davisde02,DevDavis15
370,Deyonta Davis\davisde01,DeyontaDavis_04
371,Ed Davis\davised01,eddavisXVII
372,Glen Davis\davisgl01,iambigbaby11
373,Josh Davis\davisjo03,JoshDavis_22
374,Terence Davis\daviste02,TerenceDavisJr
375,Andre Dawkins\dawkian01,dre_dawkins
376,Austin Daye\dayeau01,Adaye5
377,Dewayne Dedmon\dedmode01,d_dedmon3
378,Sam Dekker\dekkesa01,dekker
379,Vinny Del Negro\delnevi01,VinnyDHoops
380,Malcolm Delaney\delanma01,foe23
381,Javin DeLaurier\delauja01,javind_12
382,Carlos Delfino\delfica01,cabezadelfino
383,Ángel Delgado\delgaan01,AngelDelgado
384,Matthew Dellavedova\dellama01,matthewdelly
385,Cody Demps\dempsco01,CodyDemps
386,Luol Deng\denglu01,LuolDeng9
387,Marcus Denmon\denmoma01,MizzouMonster12
388,Stephen Dennis\dennist01,SDennis14
389,Demetrius Denzel-Dyson\denzede01,DenzelDyson22
390,DeMar DeRozan\derozde01,DeMar_DeRozan
391,Mamadi Diakite\diakima01,_mdiakite
392,Cheick Diallo\diallch01,cheick_diallo13
393,Hamidou Diallo\diallha01,hamidoudiallo
394,Lamine Diane\dianela01,laminediane35
395,Boris Diaw\diawbo01,theborisdiaw
396,Gorgui Dieng\dienggo01,GorguiDieng
397,Dani Díez de la Faya\diezda01,danidiez11
398,Spencer Dinwiddie\dinwisp01,SDinwiddie_25
399,DeSagana Diop\diopde01,sagana7
400,Vlade Divac\divacvl01,bgoodvlade
401,Donte DiVincenzo\divindo01,Divincenzo
402,Daniel Dixon\dixonda01,Mr_HeatCheck
403,Luka Dončić\doncilu01,luka7doncic
404,Kristian Doolittle\doolikr01,kristiandoolit1
405,Tyler Dorsey\dorsety01,TDORSEY_1
406,Luguentz Dort\dortlu01,luthebeast
407,Damyean Dotson\dotsoda01,wholeteamDot
408,Devon Dotson\dotsode01,d_dotson1
409,Sekou Doumbouya\doumbse01,sekou_doums
410,Zabian Dowdell\dowdeza01,zayrd1
411,Jeff Dowtin\dowtije01,JeffD_11
412,Milton Doyle\doylemi01,MDLU35
413,PJ Dozier\doziepj01,Dozier_Kid
414,Goran Dragić\dragigo01,Goran_Dragic
415,Andre Drummond\drumman01,AndreDrummond
416,Jared Dudley\dudleja01,JaredDudley619
417,Michael Dunigan\dunigmi01,DarknessRises17
418,Kris Dunn\dunnkr01,KrisDunn3
419,Ronald Dupree\duprero01,RDupree12
420,Kevin Durant\duranke01,KDTrey5
421,Trevon Duval\duvaltr01,DatGuy_Trey
422,Cleanthony Early\earlycl01,Clearly_BallLyf
423,Mark Eaton\eatonma01,markeaton7ft4
424,Devin Ebanks\ebankde01,DevinEbanks3
425,Paul Eboua\ebouapa01,paul_eboua
426,Jarell Eddie\eddieja01,JarellEddie
427,Anthony Edwards\edwaran01,theantedwards_
428,Carsen Edwards\edwarca01,Cboogie_3
429,Vince Edwards\edwarvi01,VE_12
430,Nnanna Egwu\egwunn01,egwu_32
431,Melvin Ejim\ejimme01,MelvinEjim
432,CJ Elleby\ellebcj01,EllebyCj
433,Henry Ellenson\ellenhe01,HenryEllenson13
434,Wayne Ellington\ellinwa01,WayneEllington
435,Sean Elliott\elliose01,seanelliott_32
436,Perry Ellis\ellispe02,PElliz
437,Joel Embiid\embiijo01,JoelEmbiid
438,Alex English\englial01,AlexEnglish_2
439,Kim English\engliki01,Englishscope24
440,James Ennis\ennisja01,JamesDa_Truth
441,Tyler Ennis\ennisty01,TylerEnnis
442,Julius Erving\ervinju01,JuliusErving
443,Drew Eubanks\eubandr01,DrewEubanks12
444,Jacob Evans\evansja02,JacobEvans_1
445,Jawun Evans\evansja01,j3vans1_
446,Jeremy Evans\evansje01,JeremyEvans40
447,Keenan Evans\evanske01,K3vans12
448,Reggie Evans\evansre01,ReggieEvans30
449,Tyreke Evans\evansty01,TyrekeEvans
450,Patrick Ewing\ewingpa02,pewingjr6
451,Dante Exum\exumda01,daanteee
452,Christian Eyenga\eyengch01,christeyenga31
453,Festus Ezeli\ezelife01,festus
454,C.J. Fair\faircj02,cjfair
455,Tacko Fall\fallta01,tackofall99
456,Jarrid Famous\famouja01,MrFamous_CME
457,Kenneth Faried\farieke01,KennethFaried35
458,Mustapha Farrakhan\farramu01,lilmu2
459,Derrick Favors\favorde01,dfavors14
460,Cristiano Felício\feliccr01,IamFelicio
461,Carrick Felix\felixca01,CarrickFelixIMC
462,Carrick Felix\felixca01,C_Felix0
463,Courtney Fells\fellsco01,Papi_Fells
464,Raymond Felton\feltora01,RFeltonGBMS
465,Terrance Ferguson\fergute01,Fergskii
466,Rudy Fernández\fernaru01,rudy5fernandez
467,Vashil Fernandez\fernava01,vashilluv_bball
468,Bruno Fernando\fernabr01,BrunoFernandoMV
469,Yogi Ferrell\ferreyo01,YogiFerrell11
470,Landry Fields\fieldla01,landryfields
471,Michael Finley\finlemi01,MichaelFinley
472,Dorian Finney-Smith\finnedo01,doefinney_10
473,Derek Fisher\fishede01,derekfisher
474,Malik Fitts\fittsma01,MalikFitts
475,Malachi Flynn\flynnma01,malachiflynn
476,Bryn Forbes\forbebr01,BrynjForbes
477,Jordan Ford\fordjo01,jordan_ford_
478,Quincy Ford\fordqu01,Qman_12
479,T.J. Ford\fordtj01,tj_ford
480,Trent Forrest\forretr01,TForrest_11
481,Evan Fournier\fournev01,EvanFourmizz
482,De'Aaron Fox\foxde01,swipathefox
483,Rick Fox\foxri01,RickFox
484,Randy Foye\foyera01,randyfoye
485,Adonal Foyle\foylead01,afoyle3131
486,Steve Francis\francst01,SteveFranchise3
487,Robert Franks\frankro01,RoBo_22
488,Melvin Frazier\frazime01,melvinjrrr
489,Tim Frazier\fraziti01,Timfraz23
490,Walt Frazier\fraziwa01,WaltFrazier
491,Jimmer Fredette\fredeji01,jimmerfredette
492,Channing Frye\fryech01,channingfrye
493,Markelle Fultz\fultzma01,MarkelleF
494,Wenyen Gabriel\gabriwe01,WenyenGabriel
495,Abdul Gaddy\gaddyab01,Gaddy253_
496,Dan Gadzuric\gadzuda01,DGadzuric
497,Daniel Gafford\gaffoda01,Dan_G33
498,Danilo Gallinari\gallida01,gallinari8888
499,Langston Galloway\gallola01,LangGalloway10
500,Jakeenan Gant\gantja01,JakeenanG23
501,Patricio Garino\garinpa01,patitogarino
502,Darius Garland\garlada01,dariusgarland22
503,Kevin Garnett\garneke01,KevinGarnett5KG
504,Billy Garrett\garrebi01,BGarrett_5
505,Diante Garrett\garredi02,kingarrett10
506,Marc Gasol\gasolma01,MarcGasol
507,Pau Gasol\gasolpa01,paugasol
508,Kaiser Gates\gateska01,Kaisergates
509,Rudy Gay\gayru01,RudyGay
510,Michael Gbinije\gbinimi01,mikegbinije
511,Alonzo Gee\geeal01,GeeAlonzo
512,Paul George\georgpa01,Yg_Trece
513,Marcus Georges-Hunt\georgma01,GTMGH3
514,Daniel Gibson\gibsoda01,BooBysWorld1
515,Jonathan Gibson\gibsojo01,jgiblife
516,Taj Gibson\gibsota01,TajGibson
517,Xavier Gibson\gibsoxa01,zaygibson
518,J.R. Giddens\giddejr01,JGidd4
519,Harry Giles\gilesha01,HGiiizzle
520,Shai Gilgeous-Alexander\gilgesh01,shaiglalex
521,Kendall Gill\gillke01,kendallg13
522,Romaro Gill\gillro01,romarogill1994
523,Freddie Gillespie\gillefr01,freddieg_33
524,Artis Gilmore\gilmoar01,ArtisGilmore53
525,Manu Ginóbili\ginobma01,manuginobili
526,Rudy Gobert\goberru01,rudygobert27
527,Ryan Gomes\gomesry01,GotGomes
528,Drew Gooden\goodedr01,DrewGooden
529,Vernon Goodridge\goodrve01,VeEG00D
530,Brandon Goodwin\goodwbr01,goodysav
531,Aaron Gordon\gordoaa01,Double0AG
532,Eric Gordon\gordoer01,TheofficialEG10
533,Marcin Gortat\gortama01,MGortat
534,Lance Goulbourne\goulbla01,Lg5live
535,Devonte' Graham\grahade01,Devonte4Graham
536,Torian Graham\grahato01,Torian_Graham
537,Treveon Graham\grahatr01,TreBall21
538,Danny Granger\grangda01,dgranger33
539,Jayson Granger\grangja01,jaygranger11
540,Brian Grant\grantbr01,bwgrant
541,Horace Grant\grantho01,horacegrant54
542,Jerai Grant\grantje03,JerianGrant
543,Jerami Grant\grantje01,JeramiGrant
544,Jerian Grant\grantje02,JerianGrant
545,Donte Grantham\grantdo01,DonteGrantham32
546,Hassani Gravett\graveha01,BestThingSince_
547,Josh Gray\grayjo01,ThatsJoshGray
548,Rob Gray\grayro01,iRob_G
549,A.C. Green\greenac01,NBA_Ironman
550,Danny Green\greenda02,DGreen_14
551,Draymond Green\greendr01,Money23Green
552,Garlon Green\greenga02,G650G
553,JaMychal Green\greenja01,Jmyke1
554,Javonte Green\greenja02,2Xtremebounce
555,Jeff Green\greenje02,unclejeffgreen
556,Josh Green\greenjo02,JoshBGreen
557,Rodney Green\greenro01,rodneygreen10
558,Donté Greene\greendo01,dontegreeneCOS
559,Blake Griffin\griffbl01,blakegriffin23
560,Eric Griffin\griffer01,EGRIFFDASTORY
561,Taylor Griffin\griffta01,tgriff32
562,Artūras Gudaitis\gudaiar01,GudaitisAG
563,Kyle Guy\guyky01,kylejguy
564,Isaac Haas\haasis01,theoriginalhaas
565,Rui Hachimura\hachiru01,rui_8mura
566,Hamed Haddadi\haddaha01,HamedHaddadi15
567,Ashton Hagans\haganas01,H23Ash
568,Jamelle Hagins\haginja01,JamelleHagins
569,Tyrese Haliburton\halibty01,TyHaliburton22
570,Donta Hall\halldo01,_DatBoi05
571,Josh Hall\halljo01,jay5mula
572,Tyler Hall\hallty01,tyler_hall1
573,Isaac Hamilton\hamilis01,Isaacham_10
574,Johnny Hamilton\hamiljo03,johnny_tall
575,Jordan Hamilton\hamiljo02,J_Goin_HAM
576,Justin Hamilton\hamilju01,Justin__41
577,Richard Hamilton\hamilri01,ripcityhamilton
578,Rayshaun Hammonds\hammora01,shaun_coolin
579,R.J. Hampton\hamptrj01,RjHampton14
580,Jaylen Hands\handsja01,JHANDS08
581,Dusty Hannahs\hannadu01,D_Hannahs
582,Ben Hansbrough\hansbbe01,bhans23
583,Tyler Hansbrough\hansbty01,THANS50
584,Travis Hansen\hansetr01,travishansen24
585,Anfernee Hardaway\hardaan01,Iam1Cent
586,Tim Hardaway\hardati01,HardawaySr
587,Tim Hardaway\hardati02,T_HardJR
588,James Harden\hardeja01,JHarden13
589,Maurice Harkless\harklma01,moe_harkless
590,Derek Harper\harpede01,D_Harp_12
591,Jared Harper\harpeja01,Therealvinoo
592,Justin Harper\harpeju01,Tru_Harp32
593,Ron Harper\harpero01,HARPER04_5
594,Matt Harpring\harprma01,mharpring15
595,Montrezl Harrell\harremo01,MONSTATREZZ
596,Josh Harrellson\harrejo01,BigJorts55
597,Al Harrington\harrial01,cheddahcheese7
598,C.J. Harris\harricj01,cjharris11
599,Devin Harris\harride01,Dev34Harris
600,Elias Harris\harriel01,EliasJMHarris
601,Gary Harris\harriga01,thats_G_
602,Jalen Harris\harrija01,TheJalenHarris
603,Joe Harris\harrijo01,JoeHarris4
604,Kevon Harris\harrike01,_kevonn22
605,Manny Harris\harrima01,313MannyHarris
606,Mike Harris\harrimi01,TheRealMH33
607,Ricky Harris\harriri01,RickyHarris5
608,Terrel Harris\harrite01,T_Harris87
609,Tobias Harris\harrito02,tobias31
610,Aaron Harrison\harriaa01,AaronICE2
611,Andrew Harrison\harrian01,DrewRoc5
612,Shaquille Harrison\harrish01,ShaqHarrison_3
613,Josh Hart\hartjo01,joshhart
614,Isaiah Hartenstein\harteis01,Ipjh55
615,Tyler Harvey\harvety01,YoungTRaaw
616,Udonis Haslem\hasleud01,ThisIsUD
617,Spencer Hawes\hawessp01,spencerhawes00
618,Chuck Hayes\hayesch01,c_hayes44
619,Jaxson Hayes\hayesja02,hayes_jaxson
620,Killian Hayes\hayeski01,iam_killian
621,Nigel Hayes\hayesni01,NIGEL_HAYES
622,Gordon Hayward\haywago01,gordonhayward
623,Spencer Haywood\haywosp01,SpencerHaywood
624,Gerald Henderson\hendege02,GhJr09
625,Terry Henderson\hendete01,t_henny3
626,Jordan Henriquez\henrijo01,TooTall2KnoSo1
627,Myke Henry\henrymy01,mykehenry20
628,Xavier Henry\henryxa01,XavierHenry
629,John Henson\hensojo01,Johnhenson31
630,LaDontae Henton\hentola01,HentonBuckets23
631,Dewan Hernandez\hernade01,DewanGoesFor_20
632,Juan Hernangómez\hernaju01,juanchiviris41
633,Willy Hernangómez\hernawi01,willyhg94
634,Chris Herren\herrech01,c_herren
635,Tyler Herro\herroty01,raf_tyler
636,Kevin Hervey\herveke01,kherv_25
637,Brady Heslip\heslibr01,bradyheslip
638,Mario Hezonja\hezonma01,mariohezonja
639,Roy Hibbert\hibbero01,Roy_Meets_World
640,Isaiah Hicks\hicksis01,IDHicks
641,Stephan Hicks\hicksst01,SmoovSteph
642,Buddy Hield\hieldbu01,buddyhield
643,Cory Higgins\higgico01,chiggins11
644,Haywood Highsmith\highsha01,Bigscony
645,Nenê Hilário\hilarne01,NeneHilario42
646,Ahmed Hill\hillah01,MED_XIII
647,George Hill\hillge01,George_Hill3
648,Grant Hill\hillgr01,realgranthill33
649,Solomon Hill\hillso01,solohill
650,Darrun Hilliard\hillida01,DHilliard6X
651,Nate Hinton\hintona01,thatup_coming14
652,Jaylen Hoard\hoardja01,JaylenHoard
653,Darington Hobson\hobsoda01,ParkaySmooth
654,Julius Hodge\hodgeju01,Follow24Hodge
655,DJ Hogg\hoggdj01,Dj_hogg1
656,Fred Hoiberg\hoibefr01,ISUMayor32
657,Aaron Holiday\holidaa01,The_4th_Holiday
658,Jrue Holiday\holidjr01,Jrue_Holiday11
659,Justin Holiday\holidju01,JustHolla7
660,John Holland\hollajo02,Jholland_23
661,Lionel Hollins\hollili01,LionelHollins14
662,Ryan Hollins\holliry01,TheRyanHollins
663,Rondae Hollis-Jefferson\holliro01,IAmCHAP24
664,Aric Holman\holmaar01,AricHolman
665,Jonathan Holmes\holmejo01,J_Holmes10
666,Jonathan Holmes\holmejo01,Rich_Holmes22
667,Richaun Holmes\holmeri01,Rich_Holmes22
668,Michael Holton\holtomi01,mdhhoops
669,Michael Holyfield\holyfmi01,holybigfella
670,Caleb Homesley\homesca01,get_buckets05
671,Daulton Hommes\hommeda01,dchommes
672,Tyler Honeycutt\honeyty01,thoneycutt23
673,Rodney Hood\hoodro01,rodneyhood
674,Scotty Hopson\hopsosc01,Shopson32
675,Al Horford\horfoal01,Al_Horford
676,Jon Horford\horfojo01,Jon_Horford
677,Dennis Horner\hornede01,DHorner31
678,Keith Hornsby\hornske01,KHornsby4
679,Talen Horton-Tucker\hortota01,Thortontucker
680,Danuel House\houseda01,DanuelHouseJr
681,Allan Houston\houstal01,ALLAN_HOUSTON
682,Dwight Howard\howardw01,DwightHoward
683,Juwan Howard\howarju01,JuwanHoward
684,Markus Howard\howarma02,markushoward11
685,William Howard\howarwi01,whow25
686,Lester Hudson\hudsole01,Lester26Hudson
687,Marcelo Huertas\huertma01,Huertas09
688,Kevin Huerter\huertke01,KevinHuerter
689,Josh Huestis\huestjo01,jhuestis
690,Elijah Hughes\hugheel01,elijahhughes4_
691,Robbie Hummel\hummero01,RobbieHummel
692,Isaac Humphries\humphis01,IsaacHumphries7
693,Kris Humphries\humphkr01,KrisHumphries
694,Chris Hunter\huntech01,biggame_hunter
695,De'Andre Hunter\huntede01,DreHunter
696,Vince Hunter\huntevi01,2easy32
697,Bobby Hurley\hurlebo01,BobbyHurley11
698,Chandler Hutchison\hutchch01,CmoHutchison
699,Serge Ibaka\ibakase01,sergeibaka
700,Andre Iguodala\iguodan01,andre
701,Ersan İlyasova\ilyaser01,Ersan
702,Joe Ingles\inglejo01,Joeingles7
703,Damien Inglis\inglida01,DamienINGLIS
704,Brandon Ingram\ingrabr01,B_Ingram13
705,Donte Ingram\ingrado01,kingram_0
706,Ike Iroegbu\iroegik01,Be_LikeIKE
707,Kyrie Irving\irvinky01,KyrieIrving
708,Jonathan Isaac\isaacjo01,JJudahIsaac
709,Allen Iverson\iversal01,alleniverson
710,Royal Ivey\iveyro01,ROYALTIVEY
711,Wesley Iwundu\iwundwe01,_Iwundu25
712,Jarrett Jack\jackja01,Jarrettjack03
713,Bobby Jackson\jacksbo01,TheBobbyJackson
714,Darnell Jackson\jacksda01,DBlock_Official
715,Demetrius Jackson\jacksde01,D_Jay11
716,Frank Jackson\jacksfr01,FWJackson15
717,Jaren Jackson\jacksja02,jarenjacksonjr
718,Jim Jackson\jacksji01,jimjackson419
719,Josh Jackson\jacksjo02,j_josh11
720,Justin Jackson\jacksju01,JJacks_44
721,Justin Jackson\jacksju02,JJacks_44
722,Lorne Jackson\jackslo01,DaTrillStak5
723,Mark Jackson\jacksma01,MarkJackson13
724,Pierre Jackson\jackspi01,PAPPYGAWD
725,Reggie Jackson\jacksre01,Reggie_Jackson
726,Stephen Jackson\jacksst02,DaTrillStak5
727,Bernard James\jamesbe01,BernardJame5
728,Damion James\jamesda01,KONJames10
729,Justin James\jamesju01,1JustinJames
730,LeBron James\jamesle01,KingJames
731,Mike James\jamesmi01,mikejames7
732,Stefan Janković\jankost01,StefanJ33
733,Matt Janning\jannima01,mjanning23
734,Scoop Jardine\jardisc01,scoopjardine
735,Othyus Jeffers\jeffeot01,OthyusTheGreat
736,Amile Jefferson\jeffeam01,AmileJefferson
737,Cory Jefferson\jeffeco01,CoryJay34
738,DaQuan Jeffries\jeffrda01,daquanjeffries2
739,John Jenkins\jenkijo01,JohnnyCashVU23
740,Jonas Jerebko\jerebjo01,JonasJerebko
741,Ty Jerome\jeromty01,tyjerome_
742,Justinian Jessup\jessuju01,justinian_10
743,Eugene Jeter\jetereu01,PoohJeter
744,Isaiah Joe\joeis01,zai_joe1
745,Alize Johnson\johnsal02,AlizeJohnson
746,Amir Johnson\johnsam01,IamAmirJohnson
747,Armon Johnson\johnsar02,AJALLDAY1
748,Avery Johnson\johnsav01,CoachAvery6
749,B.J. Johnson\johnsbj01,Bean_J20
750,Brice Johnson\johnsbr02,bjohnson_23
751,Dakari Johnson\johnsda04,DakariJohnson
752,Eddie Johnson\johnsed03,Jumpshot8
753,JaJuan Johnson\johnsja02,JaJuanJohnson
754,James Johnson\johnsja01,IamJJ16
755,Jaylen Johnson\johnsja04,JayGlooo10
756,Joe Johnson\johnsjo02,TheJoeJohnson7
757,Keldon Johnson\johnske04,imthe_truth32
758,Kevin Johnson\johnske02,KJ_MayorJohnson
759,Magic Johnson\johnsma02,MagicJohnson
760,Marques Johnson\johnsma01,olskool888
761,Orlando Johnson\johnsor01,OrlandoVJohnson
762,Reggie Johnson\johnsre01,Regg_42
763,Robert Johnson\johnsro02,RoJoJr
764,Stanley Johnson\johnsst04,iAmSJ
765,Tyler Johnson\johnsty01,Pusha650
766,Wesley Johnson\johnswe01,WesJohnson4
767,Darius Johnson-Odom\johnsda03,KingMe_DJ1
768,Peter Jok\jokpe01,Jok_City14
769,Nikola Jokić\jokicni01,JokicNikola15
770,Dahntay Jones\jonesda02,dahntay1
771,Damian Jones\jonesda03,dameology
772,Damon Jones\jonesda01,d19j
773,Damon Jones\jonesda01,djones19
774,DeQuan Jones\jonesde01,DequanMJones
775,Derrick Jones\jonesde02,TheRea1DJones
776,Jemerrio Jones\jonesje01,JemerrioJ
777,Lazeric Jones\jonesla02,Zeek_Jones11
778,Mason Jones\jonesma05,masonjones2
779,Matt Jones\jonesma04,matt9jones
780,Perry Jones\jonespe01,Perry_Jones1
781,Shawn Jones\jonessh02,Slim_J12
782,Terrence Jones\joneste01,TerrenceJones1
783,Tre Jones\jonestr01,Tre3Jones
784,Tyus Jones\jonesty01,1Tyus
785,DeAndre Jordan\jordade01,DeAndre
786,Cory Joseph\josepco01,Cory_Joe
787,Kris Joseph\josepkr01,RealKrisJo
788,Nikola Jovanović\jovanni01,Nik_Jovanovic
789,Mfiondu Kabengele\kabenmf01,Mfiondu
790,Myck Kabongo\kabonmy01,MyckK9
791,Kenny Kadji\kadjike01,KadjiKenneth
792,Chris Kaman\kamanch01,ChrisKaman
793,Frank Kaminsky\kaminfr01,FSKPart3
794,Ismaila Kane\kaneis01,ladsame1997
795,Enes Kanter\kanteen01,EnesKanter
796,İlkan Karaman\karamil01,ilknkrmn
797,Arsalan Kazemi\kazemar01,kazemiworld
798,Tidjan Keita\keitati01,KTidjan
799,Kylor Kelley\kelleky01,K3LL3Y24
800,Tre Kelley\kelletr01,TreKel1ey
801,Ryan Kelly\kellyry01,RyanKelly34
802,Greg Kelser\kelsegr01,gkelser32
803,Tim Kempton\kemptti01,SunsTK
804,Tiwian Kendley\kendlti01,princeofharlem8
805,Luke Kennard\kennalu01,LukeKennard5
806,Steve Kerr\kerrst01,SteveKerr
807,Jason Kidd\kiddja01,RealJasonKidd
808,Stanton Kidd\kiddst01,StantonKidd11
809,Michael Kidd-Gilchrist\kiddgmi01,MKG14
810,Sean Kilpatrick\kilpase01,SeanKilpatrick
811,George King\kingge03,2bkings
812,Louis King\kinglo02,SweetLouu2
813,Nick King\kingni01,CrownMeKing5_
814,Stacey King\kingst01,Stacey21King
815,Maxi Kleber\klebima01,MaxiKleber
816,Brandon Knight\knighbr03,Goodknight11
817,Brevin Knight\knighbr01,brevinknight22
818,Nathan Knight\knighna01,nateknght
819,Kevin Knox\knoxke01,KevKnox
820,Bronson Koenig\koenibr01,BronsonK_24
821,Sagaba Konate\konatsa01,sagaba50
822,John Konchar\konchjo01,konchjitty55
823,Furkan Korkmaz\korkmfu01,FurkanKorkmaz
824,Luke Kornet\kornelu01,bigshin32
825,Kyle Korver\korveky01,KyleKorver
826,Mac Koshwal\koshwma01,Macmainstreet
827,Kosta Koufos\koufoko01,kostakoufos
828,Max Kouguere\kouguma01,MaxOnTwitter
829,David Kramer\krameda01,K7davidK
830,Vit Krejci\krejcvi01,v_krejci
831,Arnoldas Kulboka\kulboar01,kulboka98
832,Kyle Kuric\kuricky01,KingKK_14
833,Rodions Kurucs\kurucro01,RODIONS1
834,Kyle Kuzma\kuzmaky01,kylekuzma
835,Mindaugas Kuzminskas\kuzmimi01,MKuzminskas
836,Skal Labissière\labissk01,OneBigHaitian
837,Christian Laettner\laettch01,laettnerbball
838,Cady Lalanne\lalanca01,Lac25_
839,Anthony Lamb\lamban01,AnthonyMLamb
840,Doron Lamb\lambdo01,DLamb20
841,Jeremy Lamb\lambje01,jlamb
842,Romeo Langford\langfro01,yeahyeah22
843,Nicolás Laprovíttola\laproni01,nicolapro7
844,Shane Larkin\larkish01,ShaneLarkin_3
845,Terry Larrier\larrite01,_TL22
846,Joffrey Lauvergne\lauvejo01,1JOLOLO
847,Zach LaVine\lavinza01,ZachLaVine
848,Vic Law\lawvi01,Followthe_LAW
849,Andrew Lawrence\lawrean01,Adrlawrence
850,Dedric Lawson\lawsode01,DSmoove1_2many
851,Ty Lawson\lawsoty01,TyLawson3
852,Jake Layman\laymaja01,JLayman10
853,T.J. Leaf\leaftj01,leafsquad22
854,Jalen Lecque\lecquja01,jalenlecque10
855,Ricky Ledo\ledori01,REALRICKLEDO1
856,Courtney Lee\leeco01,CourtneyLee5
857,Damion Lee\leeda03,Dami0nLee
858,David Lee\leeda02,Dlee042
859,Marcus Lee\leema02,JustMarcusLee
860,Saben Lee\leesa01,SabenLee
861,William Lee\leewi01,Haha34lee1
862,Walt Lemon\lemonwa01,WaltLemon
863,Alex Len\lenal01,alexlen
864,Kawhi Leonard\leonaka01,kawhileonard
865,Meyers Leonard\leoname01,MeyersLeonard
866,C.J. Leslie\leslicj01,ncsu_cleslie
867,Travis Leslie\leslitr01,FlightLeslie23
868,Mathias Lessort\lessoma01,ThiasLsf
869,Jon Leuer\leuerjo01,JonLeuer30
870,Caris LeVert\leverca01,CarisLeVert
871,JeQuan Lewis\lewisje01,thatlewiskid1
872,Kira Lewis\lewiski01,kiralewisjr
873,Trey Lewis\lewistr01,Treylew3
874,DeAndre Liggins\liggide01,Dreliggs34
875,Damian Lillard\lillada01,Dame_Lillard
876,Jeremy Lin\linje01,JLin7
877,Scottie Lindsey\lindssc01,ScottieLindsey
878,Nassir Little\littlna01,2ez_nassie
879,Denzel Livingston\livinde01,denzel_trey10
880,Shaun Livingston\livinsh01,ShaunLivingston
881,Sergio Llull\llullse01,23Llull
882,Trent Lockett\locketr01,T_Lockett24
883,Zach Lofton\loftoza01,ZachLofton
884,Kevon Looney\looneke01,Loon_Rebel5
885,Brook Lopez\lopezbr01,RealBrookLopez
886,Robin Lopez\lopezro01,rolopez42
887,Marcos Louzada Silva\louzama01,Didi
888,Kevin Love\loveke01,kevinlove
889,Marc Loving\lovinma01,lovingthegame32
890,Kyle Lowry\lowryky01,Klow7
891,Jordan Loyd\loydjo01,mrjloyd
892,John Lucas\lucasjo01,JLEnterprises
893,Kalin Lucas\lucaska01,Kjay24k
894,John Lucas III\lucasjo02,Luke1luk
895,Korie Lucious\lucioko01,KorieLucious
896,Timothé Luwawu-Cabarrot\luwawti01,timcabs
897,Tyler Lydon\lydonty01,Tyler_Lydon14
898,Jairus Lyles\lylesja01,_jlyles
899,Trey Lyles\lylestr01,TreyLyles
900,Amath M'Baye\mbayeam01,Amath22Juice
901,Sheldon Mac\mcclesh01,sheldonmacc
902,Scott Machado\machasc01,_ScottMachado
903,Lamont Mack\mackla01,MONT_MACK
904,Shelvin Mack\macksh01,ShelvinMack
905,Vernon Macklin\macklve01,vernon_macklin
906,Daryl Macon\maconda01,_dmacon4
907,J.P. Macura\macurjp01,jpmacura
908,Mark Madsen\madsema01,madsen_mark
909,Josh Magette\magetjo01,joshmagette
910,Corey Maggette\maggeco01,Corey_Maggette
911,Will Magnay\magnawi01,MagnayWill
912,Rašid Mahalbašić\mahalba01,RasidMahalbasic
913,Ian Mahinmi\mahinia01,ianmahinmi
914,Dan Majerle\majerda01,DanMajerle
915,Thon Maker\makerth01,ThonMaker14
916,Karl Malone\malonka01,TheDeliverer_32
917,Karim Mané\maneka01,KarimMane_
918,Terance Mann\mannte01,terance_mann
919,Danny Manning\mannida01,coachdmanning
920,Nico Mannion\mannini01,niccolomannion
921,Devyn Marble\marblde01,DevMarble
922,Stephon Marbury\marbust01,StarburyMarbury
923,Vanja Marinković\marinva01,vanjam32
924,Shawn Marion\mariosh01,matrix31
925,Boban Marjanović\marjabo01,BobanMarjanovic
926,Lauri Markkanen\markkla01,MarkkanenLauri
927,Anthony Marshall\marshan01,ANT_MARZ3
928,Donyell Marshall\marshdo01,Dmarsh42
929,Kendall Marshall\marshke01,KButter5
930,Naji Marshall\marshna01,naji_marshall
931,Zeke Marshall\marshze01,Ziggy_Marsh
932,Caleb Martin\martica02,Calebmartin14
933,Cartier Martin\martica01,CartierMartin
934,Cody Martin\martico01,cody_martin15
935,Jarell Martin\martija01,MartinJarell
936,Jeremiah Martin\martije02,4k_Jeremiah
937,Kelan Martin\martike03,kelan30_
938,Kenyon Martin\martike01,KenyonMartinSr
939,Kenyon Martin\martike04,kj__martin
940,Jamal Mashburn\mashbja01,jamalmashburn
941,Frank Mason\masonfr01,FrankMason0
942,Roger Mason\masonro01,MoneyMase
943,Yante Maten\matenya01,YoungMoney_11
944,Garrison Mathews\mathega01,gmathews_24
945,Jordan Mathews\mathejo01,JordanMathews22
946,Mangok Mathiang\mathima01,M_Mango32
947,Dakota Mathias\mathida01,DMathias31
948,Charles Matthews\matthch01,1CMatthews
949,Wesley Matthews\matthwe02,WessyWes23
950,Tyrese Maxey\maxeyty01,TyreseMaxey
951,Jason Maxiell\maxieja01,JasonMaxiell
952,Vernon Maxwell\maxweve01,vernonmaxwell11
953,Sean May\mayse01,BigMay42
954,Luke Maye\mayelu01,luke_maye
955,Eric Maynor\maynoer01,EMaynor3
956,Skylar Mays\mayssk01,skylarmays4
957,Luc Mbah a Moute\mbahalu01,mbahamoute
958,Trevor Mbakwe\mbakwtr01,TMbakwe32
959,James Michael McAdoo\mcadoja01,jamesmcadoo
960,Tahjere McCall\mccalta01,215tahj
961,Ray McCallum\mccalra01,RayMac3
962,Patrick McCaw\mccawpa01,PMcCaw0
963,CJ McCollum\mccolcj01,CJMcCollum
964,Mickey McConnell\mcconmi01,MickeyMcConnell
965,T.J. McConnell\mccontj01,TJMcConnell
966,Tim McCormick\mccorti01,TimMcCormick40
967,Brandon McCoy\mccoybr01,Mccoy_blvd
968,Chris McCullough\mcculch01,briskuno
969,Jaden McDaniels\mcdanja02,Jmcdaniels7
970,Jalen McDaniels\mcdanja01,jalenmcdaniels5
971,K.J. McDaniels\mcdankj01,KJMcDaniels
972,Doug McDermott\mcderdo01,dougmcdermott
973,Hank McDowell\mcdowha01,Skinnypalmer
974,Mitch McGary\mcgarmi01,mitchmcgary
975,JaVale McGee\mcgeeja01,JaValeMcGee
976,Tracy McGrady\mcgratr01,Real_T_Mac
977,Rodney McGruder\mcgruro01,RodneyMcGruder
978,Jim McIlvaine\mcilvji01,JimMcIlvaine
979,Kevin McKenna\mckenke01,coachkmc3
980,Trey McKinney-Jones\mckintr01,TreyMJ04
981,Alfonzo McKinnie\mckinal01,_Alvo_
982,Jordan McLaughlin\mclaujo01,itsmclaughlin11
983,Ben McLemore\mclembe01,BenMcLemore
984,Liam McMorrow\mcmorli01,TheLiamMcMorrow
985,Jerel McNeal\mcneaje01,jerel_mcneal
986,Jordan McRae\mcraejo01,JordyMac52
987,Josh McRoberts\mcrobjo01,JoshMcRoberts11
988,Jodie Meeks\meeksjo01,Jmeeks20
989,Kennedy Meeks\meekske01,Asapmeeks03
990,Salah Mejri\mejrisa01,50Mejri
991,Nicolò Melli\mellini01,NikMelli
992,De'Anthony Melton\meltode01,DeAnthonyMelton
993,Sam Merrill\merrisa01,smerrill05
994,Chimezie Metu\metuch01,Chimezie_Metu
995,Jordan Mickey\mickejo01,Jmickey_02
996,Khris Middleton\middlkh01,Khris22m
997,C.J. Miles\milescj01,masfresco
998,Isaiah Miles\milesis01,freakyzeke_32
999,Darius Miller\milleda01,DmillerKY
1000,Malcolm Miller\millema01,MalcMili13
1001,Mike Miller\millemi01,MikeMiller_13
1002,Quincy Miller\millequ01,qmillertime
1003,Reggie Miller\millere01,ReggieMillerTNT
1004,Codi Miller-McIntyre\milleco01,CMMPatience
1005,Patty Mills\millspa02,Patty_Mills
1006,Terry Mills\millste01,terrymills_
1007,Elijah Millsap\millsel01,Elijah_Millsap
1008,John Millsap\millsjo02,Paulmillsap4
1009,Paul Millsap\millspa01,Paulmillsap4
1010,Shake Milton\miltosh01,SniperShake
1011,Nikola Milutinov\milutni01,NMilutinov
1012,Yao Ming\mingya01,YaoMing
1013,Nikola Mirotić\mirotni01,NikolaMirotic33
1014,Akil Mitchell\mitchak01,ajmitchell25
1015,Donovan Mitchell\mitchdo01,spidadmitchell
1016,Sam Mitchell\mitchsa01,SamMitchellNBA
1017,Tony Mitchell\mitchto02,TonyMitchUNENO
1018,Tony Mitchell\mitchto03,tmitch_5
1019,Naz Mitrou-Long\mitrona01,NazzyJML
1020,Luka Mitrović\mitrolu01,mitar_mitar9
1021,Egidijus Mockevičius\mockeeg01,Egidijus55
1022,Nazr Mohammed\mohamna01,NazrMohammed
1023,Malik Monk\monkma01,AhmadMonk
1024,Earl Monroe\monroea01,EarlThePearl_15
1025,Greg Monroe\monrogr01,M10OSE
1026,E.J. Montgomery\montgej01,EJMontgomery23
1027,Matt Mooney\moonema01,MoonSwag13
1028,Ben Moore\moorebe01,JaminTheFiend
1029,Doral Moore\mooredo01,2talldemondeac
1030,E'Twaun Moore\mooreet01,ETwaun55
1031,Jalen Moore\mooreja02,JalenMoore14
1032,Ja Morant\moranja01,JaMorant
1033,Yanick Moreira\moreiya01,Ymoreira02
1034,Eric Moreland\moreler01,EricMoreland15
1035,Jeremy Morgan\morgaje01,jmodashow20
1036,Juwan Morgan\morgaju01,juwanmorgan
1037,Yannis Morin\morinya01,YannisMorin
1038,Darius Morris\morrida01,dariusmorris4
1039,Jaylen Morris\morrija01,jay_morris30
1040,Marcus Morris\morrima03,MookMorris2
1041,Markieff Morris\morrima02,Keefmorris
1042,Monte Morris\morrimo01,BigGameTae
1043,Anthony Morrow\morroan01,MrAnthonyMorrow
1044,Donatas Motiejūnas\motiedo01,DonatasMot
1045,Johnathan Motley\motlejo01,Moneymot5
1046,Brock Motum\motumbr01,brockm12
1047,Arnett Moultrie\moultar01,amoultrie
1048,Emmanuel Mudiay\mudiaem01,emmanuelmudiay
1049,Shabazz Muhammad\muhamsh01,ShabazzMuhammad
1050,Mychal Mulder\muldemy01,MychalMulder
1051,Xavier Munford\munfoxa02,xaviermunford
1052,Ade Murkey\murkead01,0_murk
1053,Jordan Murphy\murphjo02,jordanmurphy24
1054,Kamari Murphy\murphka01,21__louie
1055,Kevin Murphy\murphke01,KMurph_55
1056,Dejounte Murray\murrade01,DejounteMurray
1057,Jamal Murray\murraja01,BeMore27
1058,Tracy Murray\murratr01,RealTracyMurray
1059,Toure' Murry\murryto01,toure_murry
1060,Džanan Musa\musadz01,DzMusa
1061,Mike Muscala\muscami01,mikemuscala
1062,Dikembe Mutombo\mutomdi01,officialmutombo
1063,Sviatoslav Mykhailiuk\mykhasv01,Sviat_10
1064,Hamady N'Diaye\ndiayha01,H55ndiaye
1065,Mamadou N'Diaye\ndiayma03,mamadoundiaye14
1066,Abdoulaye N'Doye\ndoyeab01,Ndoye_11
1067,Boštjan Nachbar\nachbbo01,BokiNachbar
1068,Abdel Nader\naderab01,AbdelNader2
1069,Larry Nance\nancela02,Larrydn22
1070,Shabazz Napier\napiesh01,ShabazzNapier
1071,Le'Bryan Nash\nashle01,LBgetbuckets02
1072,Steve Nash\nashst01,SteveNash
1073,Maurice Ndour\ndourma01,Mauricendure
1074,Youssou Ndoye\ndoyeyo01,yndoye35
1075,Jameer Nelson\nelsoja01,jameernelson
1076,Aaron Nesmith\nesmiaa01,aaronnesmith24
1077,Raul Neto\netora01,RaulTogni
1078,Johnny Newman\newmajo01,jnewNBA
1079,Malik Newman\newmama01,iammaliknewman
1080,Georges Niang\niangge01,GeorgesNiang20
1081,Andrew Nicholson\nichoan01,nicholaf44
1082,Norm Nixon\nixonno01,NormNixon
1083,Zeke Nnaji\nnajize01,ZekeNnaji_Hoopz
1084,Landry Nnoko\nnokola01,landry_nnoko
1085,Joakim Noah\noahjo01,JoakimNoah
1086,Andrés Nocioni\nocioan01,SoyElChapu
1087,Nerlens Noel\noelne01,NerlensNoel3
1088,Lucas Nogueira\noguelu01,Bebe92
1089,Zach Norvell\norveza01,ZachN_23
1090,Steve Novak\novakst01,stevenovak16
1091,Jaylen Nowell\nowelja01,JaylenNowell
1092,Dirk Nowitzki\nowitdi01,swish41
1093,Frank Ntilikina\ntilila01,FrankLikina
1094,Kendrick Nunn\nunnke01,nunnbetter_
1095,James Nunnally\nunnaja01,allornunn21
1096,Jusuf Nurkić\nurkiju01,bosnianbeast27
1097,David Nwaba\nwabada01,dnwaba0
1098,Dan Nwaelele\nwaelda01,DanielNwaelele
1099,Ike Nwamu\nwamuik01,ike_nwamu
1100,Jordan Nwora\nworajo01,JordanNwora
1101,Patrick O'Bryant\obryapa01,13POB13
1102,Jermaine O'Neal\onealje01,jermaineoneal
1103,Shaquille O'Neal\onealsh01,SHAQ
1104,Royce O'Neale\onealro01,BucketsONeale00
1105,Kyle O'Quinn\oquinky01,Kyle_OQuinn
1106,Charles Oakley\oaklech01,CharlesOakley34
1107,Fabricio Oberto\obertfa01,obricio7
1108,Norense Odiase\odiasno01,kingno_
1109,Lamar Odom\odomla01,RealLamarOdom
1110,Chamberlain Oguchi\oguchch01,ChampOguchi
1111,Semi Ojeleye\ojelese01,semi
1112,Emeka Okafor\okafoem01,BigMek50
1113,Jahlil Okafor\okafoja01,JahlilOkafor
1114,Chuma Okeke\okekech01,chuma_okeke
1115,Elie Okobo\okoboel01,ElieOkobo_0
1116,Josh Okogie\okogijo01,CallMe_NonStop
1117,Onyeka Okongwu\okongon01,BigO21_
1118,Isaac Okoro\okorois01,isaacokoro303
1119,KZ Okpala\okpalkz01,kz_okpala_
1120,Mehmet Okur\okurme01,MehmetOkur13
1121,Victor Oladipo\oladivi01,VicOladipo
1122,Hakeem Olajuwon\olajuha01,DR34M
1123,Cameron Oliver\oliveca01,SpaceCamm
1124,Kelly Olynyk\olynyke01,KellyOlynyk
1125,Nuni Omot\omotnu01,nuniomot21
1126,Miye Oni\onimi01,PrinceOni13
1127,Arinze Onuaku\onuakar01,arinze_onuaku
1128,Chinanu Onuaku\onuakch01,chinanu_onuaku
1129,Alex Oriakhi\oriakal01,aoriakhi42
1130,Daniel Orton\ortonda01,danielorton21
1131,Romero Osby\osbyro01,ROEOSBY24
1132,Cedi Osman\osmande01,cediosman
1133,Daniel Oturu\oturuda01,oturu65
1134,Yakuba Ouattara\ouattya01,yakubaouattara
1135,Kelly Oubre\oubreke01,KELLYOUBREJR
1136,Zaza Pachulia\pachuza01,zaza27
1137,Marcus Paige\paigema01,marcuspaige5
1138,Georgios Papagiannis\papagge01,G_P_06
1139,Alexandre Paranhos\paranal01,paranhos_24
1140,Jannero Pargo\pargoja01,jpargo1
1141,Jeremy Pargo\pargoje01,ImJustPargo
1142,Anthony Parker\parkean01,_AnthonyParker
1143,Jabari Parker\parkeja01,JabariParker
1144,Tony Parker\parketo01,tonyparker
1145,Chandler Parsons\parsoch01,ChandlerParsons
1146,Eric Paschall\pascher01,epaschall
1147,Anžejs Pasečņiks\pasecan01,AnzejsP
1148,Devonte Patterson\pattede01,DPattersonn
1149,Lamar Patterson\pattela01,LP21_
1150,Patrick Patterson\pattepa01,pdpatt
1151,Justin Patton\pattoju01,JustinPatton17
1152,Brandon Paul\paulbr01,BP3
1153,Chris Paul\paulch01,CP3
1154,Adreian Payne\paynead01,Adreian_Payne
1155,Cameron Payne\payneca01,campayne
1156,Elfrid Payton\paytoel01,elfrid
1157,Gary Payton\paytoga01,GaryPayton_
1158,Gary Payton\paytoga02,GaryPaytonII
1159,L.J. Peak\peaklj01,ljpeak1
1160,Norvel Pelle\pelleno01,NorvelPelle05
1161,Elijah Pemberton\pembeel01,ElijahPemberto1
1162,Will Perdue\perduwi01,Will_Perdue32
1163,Josh Perkins\perkijo01,JoshPerk13
1164,Kendrick Perkins\perkike01,KendrickPerkins
1165,London Perrantes\perralo01,London_Tyus
1166,Reggie Perry\perryre01,_R1bang_
1167,Alec Peters\peteral01,petersalec
1168,Lamar Peters\peterla01,headshotpeters_
1169,Jim Petersen\peterji01,JimPeteHoops
1170,Morris Peterson\petermo01,mopete24
1171,Travis Peterson\petertr01,TPeterson42
1172,Luke Petrasek\petralu01,Luke_Petrasek
1173,John Petrucelli\petrujo01,John_Petrucelli
1174,Terran Petteway\pettete01,_TP5
1175,Paul Pierce\piercpa01,paulpierce34
1176,Mickaël Piétrus\pietrmi01,MickaelPietrus
1177,Theo Pinson\pinsoth01,tpinsonn
1178,Scottie Pippen\pippesc01,ScottiePippen
1179,Marshall Plumlee\plumlma02,marshallplumlee
1180,Mason Plumlee\plumlma01,masonplumlee
1181,Miles Plumlee\plumlmi01,milesplumlee13
1182,Jakob Poeltl\poeltja01,JakobPoeltl
1183,Sir'Dominic Pointer\pointsi01,Sirdom1
1184,Vincent Poirier\poirivi01,viinze_17P
1185,Aleksej Pokusevski\pokusal01,aleksejpokusevs
1186,Kendall Pollard\pollake01,__KP
1187,Olden Polynice\polynol01,OldenPolynice1
1188,Quincy Pondexter\pondequ01,QuincyPondexter
1189,Shamorie Ponds\pondssh01,ShamorieP
1190,Jontay Porter\portejo01,JontayPorter
1191,Kevin Porter\porteke02,Kevinporterjr
1192,Michael Porter\portemi01,MPJr
1193,Otto Porter\porteot01,OttoPorter
1194,Terry Porter\portete01,terryporter30
1195,Bobby Portis\portibo01,BPortistime
1196,Kristaps Porziņģis\porzikr01,kporzee
1197,Leon Powe\powele01,Leon_Powe
1198,Dwight Powell\poweldw01,DwightPowell33
1199,Josh Powell\poweljo01,JP21Reasons
1200,Norman Powell\powelno01,npowell2404
1201,Alex Poythress\poythal01,AlexTheGreat22
1202,Casey Prather\prathca01,cprather24
1203,Matt Pressey\pressma01,M_Pressive3
1204,Phil Pressey\pressph01,philpressey
1205,Billy Preston\prestbi01,nolimitbill
1206,A.J. Price\priceaj01,realAJPrice
1207,Mark Price\pricema01,Mark25Price
1208,Pablo Prigioni\prigipa01,PPrigioni9
1209,Taurean Prince\princta02,taureanprince
1210,Georgios Printezis\printgi01,pripripri15
1211,Payton Pritchard\pritcpa01,paytonpritch3
1212,Laron Profit\profila01,Profit4eva
1213,Jacob Pullen\pulleja01,Jpullz0
1214,Rodney Purvis\purviro01,Gpurvooo
1215,Raphiael Putney\putnera01,RRPUTNEY3
1216,Zhou Qi\qizh01,officialzhouqi
1217,Michael Qualls\quallmi01,Mr_WALKONAIR
1218,Tim Quarterman\quartti01,TimQuarterman1
1219,Trevelin Queen\queentr01,trev_up
1220,Immanuel Quickley\quickim01,IQ_GodSon
1221,Ivan Rabb\rabbiv01,YoungIvee
1222,Nikola Radičević\radicni01,nikoradicevic
1223,Jahmi'us Ramsey\ramseja01,newanimprovedJR
1224,Kyle Randall\randaky01,KRandy_12
1225,Chasson Randle\randlch01,ChassonRandle
1226,Julius Randle\randlju01,J30_RANDLE
1227,Anthony Randolph\randoan01,TheARandolph
1228,Levi Randolph\randole01,LeviRandolph20
1229,Zach Randolph\randoza01,MacBo50
1230,Xavier Rathan-Mayes\rathaxa01,xrm_22
1231,Theo Ratliff\ratlith01,shotblocker42
1232,Leo Rautins\rautile01,LeoRautins
1233,Josh Reaves\reavejo02,jreaves23
1234,Cam Reddish\reddica01,camreddish
1235,J.J. Redick\redicjj01,jj_redick
1236,Davon Reed\reedda01,ClutchREED_5
1237,Omar Reed\reedom01,DaJuice55
1238,Paul Reed\reedpa01,Bball_paul
1239,Naz Reid\reidna01,NazReid
1240,Travis Releford\releftr01,T_2releFOUR
1241,Cameron Reynolds\reynoca01,CamoCinco
1242,Glen Rice\ricegl01,glenrice41
1243,Patrick Richard\richapa01,prichard_3
1244,Nick Richards\richani01,iamnickrichards
1245,Jason Richardson\richaja01,jrich23
1246,Josh Richardson\richajo01,J_Rich1
1247,Malachi Richardson\richama01,KingMali23
1248,Quentin Richardson\richaqu01,QRich
1249,Mitch Richmond\richmmi01,MitchRichmond23
1250,Grant Riller\rillegr01,grantriller97
1251,Austin Rivers\riverau01,AustinRivers25
1252,Doc Rivers\riverdo01,DocRivers
1253,Andre Roberson\roberan03,FlyDre21
1254,Jeff Roberson\roberje01,j5robe
1255,Ronald Roberts\roberro01,RonaldRoberts5
1256,Alex Robinson\robinal01,arob25_
1257,Clifford Robinson\robincl02,UncleCliffy30
1258,David Robinson\robinda01,DavidtheAdmiral
1259,Devin Robinson\robinde01,drob7nson
1260,Duncan Robinson\robindu01,D_Bo20
1261,Gerald Robinson\robinge01,GRJR22
1262,Glenn Robinson\robingl02,GRIII
1263,Jerome Robinson\robinje01,Rome_Coldbucks1
1264,Justin Robinson\robinju01,5Alive_
1265,Mitchell Robinson\robinmi01,23savage____
1266,Nate Robinson\robinna01,nate_robinson
1267,Thomas Robinson\robinth01,Trobinson0
1268,Isaiah Roby\robyis01,roby_isaiah
1269,Dennis Rodman\rodmade01,dennisrodman
1270,Ángel Rodríguez\rodrian01,angel13pr
1271,Desi Rodriguez\rodride01,desirodriguez6
1272,Sergio Rodríguez\rodrise01,SergioRodriguez
1273,Rajon Rondo\rondora01,RajonRondo
1274,Derrick Rose\rosede01,drose
1275,Jalen Rose\roseja01,jalenrose
1276,Quinton Rose\rosequ01,qrose_3
1277,Terrence Ross\rosste01,TerrenceRoss
1278,Terry Rozier\roziete01,T_Rozzay3
1279,Ricky Rubio\rubiori01,rickyrubio9
1280,Damjan Rudež\rudezda01,Damjan_Rudez
1281,Brandon Rush\rushbr01,BRush_25
1282,Kareem Rush\rushka01,kareemrush
1283,Bill Russell\russebi01,realbillrussell
1284,Bryon Russell\russebr01,BRuss3
1285,D'Angelo Russell\russeda01,Dloading
1286,Domantas Sabonis\sabondo01,Dsabonis11
1287,Robert Sacre\sacrero01,Bobby_Sacre
1288,John Salley\sallejo01,thejohnsalley
1289,Luka Šamanić\samanlu01,SamanicLuka
1290,JaKarr Sampson\sampsja02,KarrSampson14
1291,Jamarr Sanders\sandeja01,2_E_A_Z_Y
1292,Larry Sanders\sandela01,l8show_thegoat
1293,Issuf Sanon\sanonis01,SanonIssuf
1294,Dario Šarić\saricda01,dariosaric
1295,Tomáš Satoranský\satorto01,satoransky
1296,Wesley Saunders\saundwe01,shyxxm
1297,Brian Scalabrine\scalabr01,Scalabrine
1298,Admiral Schofield\schofad01,admiralelite15
1299,Detlef Schrempf\schrede01,Dschrempf
1300,Dennis Schröder\schrode01,DennisMike93
1301,Luis Scola\scolalu01,LScola4
1302,Dennis Scott\scottde01,dennis3dscott
1303,Durand Scott\scottdu01,durand_scott
1304,Mike Scott\scottmi01,mikescott
1305,Shannon Scott\scottsh02,3SScott
1306,Tre Scott\scotttr01,trescott13
1307,Jay Scrubb\scrubja01,jayscrubb
1308,D.J. Seeley\seeledj01,vitaminDseeley
1309,Thabo Sefolosha\sefolth01,ThaboSefolosha
1310,Wayne Selden\seldewa01,WayneSeldenJr
1311,Jeremy Senglin\senglje01,Jsenglin_30
1312,Kevin Séraphin\serapke01,french_savage
1313,Ramon Sessions\sessira01,SessionsRamon
1314,Nate Sestina\sestina01,NateSestina23
1315,Collin Sexton\sextoco01,CollinSexton02
1316,Landry Shamet\shamela01,landryshamet
1317,Angelo Sharpless\sharpan01,Lo_Tatted
1318,Marial Shayok\shayoma01,MarialShayok
1319,Tornike Shengelia\shengto01,TokoShengelia23
1320,Simisola Shittu\shittsi01,LanX_Sims
1321,Iman Shumpert\shumpim01,imanshumpert
1322,Pascal Siakam\siakapa01,pskills43
1323,Jordan Sibert\siberjo01,Smooth_Jordan
1324,Luke Sikma\sikmalu01,LCSikma43
1325,Xavier Silas\silasxa01,XavierSilas
1326,Garret Siler\silerga01,Big_G_21
1327,Chris Silva\silvach01,SilvaObame
1328,Ben Simmons\simmobe01,BenSimmons25
1329,Bobby Simmons\simmobo01,bobbysimmons21
1330,Jonathon Simmons\simmojo02,ThaRealJsimms
1331,Kobi Simmons\simmoko01,JordanKobi
1332,Justin Simon\simonju01,simon_Says_so
1333,Marko Simonovic\simonma01,simke12
1334,Anfernee Simons\simonan01,AnferneeSimons
1335,Zavier Simpson\simpsza01,Xaviersimpson3
1336,Henry Sims\simshe01,H_Sims14
1337,Satnam Singh Bhamara\singhsa01,hellosatnam
1338,E.J. Singler\singlej01,EJSingler
1339,Kyle Singler\singlky01,KyleSingler
1340,Sean Singletary\singlse01,SeanSingletary
1341,Chris Singleton\singlch01,C_SING31
1342,Peyton Siva\sivape01,PeypeySiva3
1343,A.J. Slaughter\slaugaj01,ajslaughter8
1344,Tamar Slay\slayta01,slay9
1345,Donald Sloan\sloando01,dsloan15
1346,Marcus Smart\smartma01,smart_MS3
1347,Craig Smith\smithcr01,Csmeezy1
1348,Dennis Smith\smithde03,Dennis1SmithJr
1349,Greg Smith\smithgr02,Ju_Smith4
1350,Ish Smith\smithis01,IshSmith
1351,J.R. Smith\smithjr01,TheRealJRSmith
1352,Jalen Smith\smithja04,thejalen_smith
1353,Jason Smith\smithja02,JasonSmith014
1354,Jerry Smith\smithje01,JSmith_8
1355,Joe Smith\smithjo02,JoeBeast95
1356,Kenny Smith\smithke01,TheJetOnTNT
1357,Nolan Smith\smithno01,NdotSmitty
1358,Roscoe Smith\smithro02,scoesh0w
1359,Scoochie Smith\smithsc01,scoochstackin
1360,Steve Smith\smithst01,steve21smith
1361,Tony Smith\smithto02,AnalystTSmith34
1362,Zach Smith\smithza01,SuperDuperZach
1363,Zhaire Smith\smithzh01,zhaire_smith
1364,D'Vauntes Smith-Rivera\smithdv01,DSR43
1365,Michael Snaer\snaermi01,MichaelSnaer21
1366,Xavier Sneed\sneedxa01,Luh_Sneed
1367,Tony Snell\snellto01,TonySnell21_
1368,Richard Solomon\solomri01,richxsolo3
1369,Edgar Sosa\sosaed01,Edgarsosa10
1370,Ray Spalding\spaldra01,RaySpalding_4
1371,Marreese Speights\speigma01,Mospeights16
1372,Omari Spellman\spellom01,Omarispellman
1373,Tiago Splitter\splitti01,tiagosplitter
1374,Larry Spriggs\sprigla01,spriggy35
1375,Jerry Stackhouse\stackje01,jerrystackhouse
1376,Chace Stanback\stanbch01,ChaceStanback
1377,Cassius Stanley\stanlca01,cassius_stanley
1378,Terence Stansbury\stanste01,360StatueofLibe
1379,Jonathan Stark\starkjo02,jonathanstark02
1380,John Starks\starkjo01,StarksTheDunk
1381,Juwan Staten\stateju01,JuwanStaten3
1382,Nik Stauskas\stausni01,NStauskas11
1383,D.J. Stephens\stephdj01,DdotJAY30
1384,Lance Stephenson\stephla01,StephensonLance
1385,Lamar Stevens\stevela01,LamarStevens11
1386,Elijah Stewart\stewael01,Lou_weezy_ana
1387,Isaiah Stewart\stewais01,Dreamville_33
1388,Greg Stiemsma\stiemgr01,gregstiemsma
1389,David Stockton\stockda01,dstockton32
1390,Michael Stockton\stockmi01,MikeStock20
1391,Jarnell Stokes\stokeja01,JarnellStokes
1392,Diamond Stone\stonedi01,Diamond_Stone33
1393,Julyan Stone\stoneju01,Julyan_Stone
1394,Amar'e Stoudemire\stoudam01,Amareisreal
1395,Dexter Strickland\stricde01,BadenJaxen_
1396,Rod Strickland\stricro02,rod_strickland
1397,Garrett Stutz\stutzga01,Gstutz41
1398,Scott Suggs\suggssc01,scottro15
1399,Rasheed Sulaimon\sulaira01,sheed_ctmd1
1400,Jared Sullinger\sullija01,Jared_Sully0
1401,Taren Sullivan\sullita01,sullyballer1423
1402,Edmond Sumner\sumneed01,EdmondSumner
1403,Dwayne Sutton\suttodw01,DwayneSutton
1404,Maurice Sutton\suttoma01,LordSuttonJr
1405,Caleb Swanigan\swanica01,calebswanigan50
1406,Devin Sweetney\sweetde01,DSweetney1
1407,Keifer Sykes\sykeske01,ksykesyb
1408,Wally Szczerbiak\szczewa02,wallyball
1409,Chris Taft\taftch01,BlessedTaft
1410,Jae'Sean Tate\tateja01,o_tate_
1411,Jayson Tatum\tatumja01,jaytatum0
1412,Edy Tavares\tavarwa01,waltertavares22
1413,Isaiah Taylor\taylois01,Zay_Ctmd11
1414,Jermaine Taylor\tayloje02,jtaylor8ball
1415,Jordan Taylor\taylojo02,JMTaylor11
1416,Marlon Taylor\tayloma02,Mar1on_
1417,Maurice Taylor\tayloma01,Mar1on_
1418,Tony Taylor\tayloto01,2cooltone
1419,Tyshawn Taylor\tayloty01,tyshawntaylor
1420,Jeff Teague\teaguje01,Teague0
1421,Marquis Teague\teaguma01,marquisteague25
1422,Mirza Teletović\teletmi01,Teletovic33
1423,Sebastian Telfair\telfase01,BassyS31T
1424,Garrett Temple\templga01,GTemp17
1425,Miloš Teodosić\teodomi01,MilosTeodosic4
1426,Jared Terrell\terreja01,TheJaredTerrell
1427,Emanuel Terry\terryem01,EmanuelTerry08
1428,Jason Terry\terryja01,jasonterry31
1429,Tyrell Terry\terryty01,tyterry05
1430,Jon Teske\teskejo01,JonTeske
1431,Hasheem Thabeet\thabeha01,HasheemTheDream
1432,Xavier Thames\thamexa01,Xthames2
1433,Daniel Theis\theisda01,dtheis10
1434,Reggie Theus\theusre01,ReggieTheus
1435,Adonis Thomas\thomaad01,AllDayThomas
1436,Brodric Thomas\thomabr01,TheReal__BT3
1437,Deshaun Thomas\thomade01,Deshaunthomas_0
1438,Deshaun Thomas\thomade01,DT1UpNComin
1439,Isaiah Thomas\thomais02,isaiahthomas
1440,Isiah Thomas\thomais01,IsiahThomas
1441,Khyri Thomas\thomakh01,Khyri_2
1442,Lance Thomas\thomala01,MrLance42
1443,Rashawn Thomas\thomara01,Sobeastly_25
1444,Jason Thompson\thompja02,jtthekid
1445,Klay Thompson\thompkl01,KlayThompson
1446,Mychal Thompson\thompmy01,champagnennuts
1447,Mychel Thompson\thompmy02,MychelThompson
1448,Ryan Thompson\thompry01,RyT5
1449,Sam Thompson\thompsa01,SlamIAm12
1450,Trevor Thompson\thomptr03,TrevBallinTrey2
1451,Tristan Thompson\thomptr01,RealTristan13
1452,Al Thornton\thornal01,AThornton14
1453,Marcus Thornton\thornma01,OfficialMT23
1454,Marcus Thornton\thornma02,M3Thornton
1455,Sindarius Thornwell\thornsi01,Sin_City_803
1456,Matisse Thybulle\thybuma01,MatisseThybulle
1457,Killian Tillie\tilliki02,KillianTillie
1458,Xavier Tillman\tillmxa01,Rookiedunker
1459,Jānis Timma\timmaja01,janis_timma
1460,Tres Tinkle\tinkltr01,tres_tinkle3
1461,Jamaal Tinsley\tinslja01,jatinsley
1462,Mike Tobey\tobeymi01,miketobey10
1463,J.P. Tokoto\tokotjp01,AirPierreTokoto
1464,Anthony Tolliver\tollian01,ATolliver44
1465,Jake Toolson\toolsja01,jtoolgoinham
1466,Obi Toppin\toppiob01,obitoppin1
1467,Juan Toscano-Anderson\toscaju01,juanonjuan10
1468,Axel Toupane\toupaax01,toups_33
1469,Karl-Anthony Towns\townska01,KarlTowns
1470,Gary Trent\trentga02,gtrentjr
1471,Travis Trice\tricetr01,Ttrice20
1472,Brandon Triche\trichbr01,BrandonTriche
1473,Allonzo Trier\trieral01,ISO_ZO
1474,Melo Trimble\trimbme01,_STAYMELO
1475,Alando Tucker\tuckeal02,DoeTuck
1476,Rayjon Tucker\tuckera01,th3flighttuck
1477,Ronny Turiaf\turiaro01,Ronny_Turiaf
1478,Hedo Türkoğlu\turkohe01,hidoturkoglu15
1479,Evan Turner\turneev01,thekidet
1480,Myles Turner\turnemy01,Original_Turner
1481,Jeremy Tyler\tylerje01,jeremytyler3
1482,Breein Tyree\tyreebr01,Breeintyree
1483,Chris Udofia\udofich01,dofboyfresh34
1484,Ekpe Udoh\udohek01,EkpeUdoh
1485,Beno Udrih\udrihbe01,BenoUdrih1
1486,Tyler Ulis\ulisty01,tulis3
1487,Robert Upshaw\upsharo01,UPSHAW50
1488,Jarrod Uthoff\uthofja01,Mr_Uthoff
1489,Jonas Valančiūnas\valanjo01,JValanciunas
1490,Denzel Valentine\valende01,denzelvalentine
1491,Nick Van Exel\vanexni01,vanexel31
1492,Jarred Vanderbilt\vandeja01,JVando
1493,Fred VanVleet\vanvlfr01,FredVanVleet
1494,Anderson Varejão\varejan01,VAREJAOANDERSON
1495,Eloy Vargas\vargael01,EVargas30
1496,Jarvis Varnado\varnaja01,RealSwat32
1497,Greivis Vásquez\vasqugr01,greivisvasquez
1498,Devin Vassell\vassede01,Yvngdevo
1499,Rashad Vaughn\vaughra01,ShowtimeMr1
1500,Jan Veselý\veselja01,JanVesely24
1501,Gabe Vincent\vincega01,iamgabevincent2
1502,Christian Vital\vitalch01,I_AMCV
1503,Nikola Vučević\vucevni01,NikolaVucevic
1504,Sasha Vujačić\vujacsa01,SashaVujacic
1505,Dean Wade\wadede01,deanwade3232
1506,Dwyane Wade\wadedw01,DwyaneWade
1507,Von Wafer\wafervo01,vonwafer13
1508,Moritz Wagner\wagnemo01,moritz_weasley
1509,Dion Waiters\waitedi01,dionwaiters3
1510,Antoine Walker\walkean02,WalkerAntoine8
1511,Chris Walker\walkech02,kingsky23
1512,Kemba Walker\walkeke02,KembaWalker
1513,Lonnie Walker\walkelo01,lonniewalker_4
1514,Tyrius Walker\walkety01,iam_twalk
1515,Thomas Walkup\walkuth01,twalkup23
1516,John Wall\walljo01,JohnWall
1517,Ben Wallace\wallabe01,Fear_DaFro
1518,Tyrone Wallace\wallaty01,TyWallace661
1519,Bill Walton\waltobi01,BillWalton
1520,Derrick Walton\waltode01,DerrickWalton10
1521,Brad Wanamaker\wanambr01,phillybul_22
1522,Jameel Warney\warneja01,Fullcoursemeelz
1523,T.J. Warren\warretj01,TonyWarrenJr
1524,Hakim Warrick\warriha01,hdubb21
1525,Jason Washburn\washbja01,jaywash42
1526,Julian Washburn\washbju01,smoothlikeju
1527,P.J. Washington\washipj01,PJWashington
1528,Yuta Watanabe\watanyu01,wacchi1013
1529,Tremont Waters\watertr01,WatersTremont
1530,Christian Watford\watfoch01,Cwat205
1531,C.J. Watson\watsocj01,quietstorm_32
1532,Earl Watson\watsoea01,Earl_Watson
1533,Paul Watson\watsopa01,_PWJiii
1534,Mitchell Watt\wattmi01,mitchell_watt
1535,Maalik Wayns\waynsma01,MaalikWayns2
1536,Travis Wear\weartr01,traviswear
1537,Quinndary Weatherspoon\weathqu01,IAM_QUINN11
1538,Kyle Weaver\weaveky01,kyleweaver5
1539,Chris Webber\webbech01,realchriswebber
1540,Briante Weber\weberbr01,Sir_deuce2
1541,Corey Webster\webstco01,cwebster9
1542,Martell Webster\webstma02,MartellWebster
1543,Sonny Weems\weemsso01,Sonny13
1544,Bonzi Wells\wellsbo01,BonziWells
1545,Dez Wells\wellsde01,_DezWells
1546,Thomas Welsh\welshth01,tomwelsh40
1547,Bill Wennington\wennibi01,34billy42
1548,Kaleb Wesson\wessoka01,Elite_Hooper99
1549,David West\westda01,D_West30
1550,Delonte West\westde01,delontewest
1551,Mark West\westma01,mwest41
1552,Charlie Westbrook\westbch01,C_Westbrook1
1553,Russell Westbrook\westbru01,russwest44
1554,Aaron White\whiteaa01,Aaron_White30
1555,Andrew White\whitean01,AndrewWhite03
1556,Coby White\whiteco01,CobyWhite
1557,D.J. White\whitedj01,dj_white3
1558,Derrick White\whitede01,Dwhite921
1559,Okaro White\whiteok01,owhite10
1560,Royce White\whitero03,Highway_30
1561,Terrico White\whitete01,TerricoWhite5
1562,Isaiah Whitehead\whiteis01,isaiahwhitehead
1563,Hassan Whiteside\whiteha01,youngwhiteside
1564,Kahlil Whitney\whitnka01,KahlilWhitney
1565,Greg Whittington\whittgr01,Built4Bucketz
1566,Andrew Wiggins\wiggian01,22wiggins
1567,Nick Wiggins\wiggini01,Wiggys__WORLD
1568,Lindell Wigginton\wiggili01,Lwigginton5
1569,Scottie Wilbekin\wilbesc01,scottiew_5
1570,C.J. Wilcox\wilcocj01,UCjwilcox23W
1571,Jacob Wiley\wileyja01,Jwiley_24
1572,Kris Wilkes\wilkekr01,kadw31
1573,Damien Wilkins\wilkida02,dwilkins3000
1574,Dominique Wilkins\wilkido01,DWilkins21
1575,Isaiah Wilkins\wilkiis01,isaiahwilkins21
1576,Alan Williams\willial03,alantwilliams
1577,C.J. Williams\willicj01,C_Will21
1578,Deron Williams\willide01,DeronWilliams
1579,Derrick Williams\willide02,DWXXIII
1580,Elliot Williams\williel01,ewill901
1581,Grant Williams\willigr01,Grant2Will
1582,JaCorey Williams\willija05,_JWilliams22
1583,Jay Williams\willija03,RealJayWilliams
1584,Jerome Williams\willije01,JunkYardDogJW
1585,Johnathan Williams\willijo04,Iam_J3
1586,Jordan Williams\willijo03,Jwilliams20
1587,Kenrich Williams\willike04,williamskenrich
1588,Latavious Williams\willila01,taybowl_
1589,Lou Williams\willilo02,TeamLou23
1590,Matt Williams\willima05,1mattwill2
1591,Mo Williams\willima01,mowilliams
1592,Patrick Williams\willipa01,patricklw4
1593,Reggie Williams\willire02,reggiew55
1594,Robert Williams\williro04,rob_williamsIII
1595,Rodney Williams\williro03,YeahRod24
1596,Shelden Williams\willish02,SheldenWilliams
1597,T.J. Williams\willitj01,GogettaTJWill
1598,Terrence Williams\willite01,TheRealTWill
1599,Troy Williams\willitr02,troywilliams_
1600,Nigel Williams-Goss\willini01,NigelWG5
1601,Zion Williamson\willizi01,Zionwilliamson
1602,Derek Willis\willide04,derekxwillis
1603,D.J. Wilson\wilsodj01,Lanky_Smoove
1604,Jamil Wilson\wilsoja02,jamilwilson_22
1605,Kyle Wiltjer\wiltjky01,kwiltj
1606,Dylan Windler\windldy01,Dylan_Windler23
1607,Justise Winslow\winslju01,IAmJustise
1608,Cassius Winston\winstca01,cassiuswinston
1609,James Wiseman\wisemja01,BigTicket_JW
1610,Todd Withers\witheto01,DatDude_Todd
1611,Jeff Withey\witheje01,JeffWithey
1612,Nate Wolters\woltena01,NateWolters
1613,Christian Wood\woodch01,Chriswood_5
1614,Scott Wood\woodsc01,ScottWood15
1615,Robert Woodard\woodaro01,Raw2512
1616,Kenny Wooten\wooteke01,kennywootenjr
1617,Metta World Peace\artesro01,MettaWorldPeace
1618,James Worthy\worthja01,JamesWorthy42
1619,Brandan Wright\wrighbr03,bwright34
1620,Chris Wright\wrighch01,flyght33wright
1621,Delon Wright\wrighde01,delonwright
1622,Dorell Wright\wrighdo01,DWRIGHTWAY1
1623,Justin Wright-Foreman\wrighju02,JayWright_3
1624,Tony Wroten\wroteto01,TWroten_LOE
1625,Khalif Wyatt\wyattkh01,KhalifW05
1626,Guerschon Yabusele\yabusgu01,DTP_Mario
1627,Ding Yanyuhang\yanyudi01,OfficialDing8
1628,Gabe York\yorkga01,gabeyork32
1629,B.J. Young\youngbj01,bjyoung_money11
1630,James Young\youngja01,realjamesyoung
1631,Joe Young\youngjo01,JoeyBuckets3
1632,Michael Young\youngmi02,Showwtimee2
1633,Nick Young\youngni01,NickSwagyPYoung
1634,Patric Young\youngpa01,PatricYoung4
1635,Sam Young\youngsa01,SamYoung4
1636,Thaddeus Young\youngth01,yungsmoove21
1637,Trae Young\youngtr01,TheTraeYoung
1638,Omer Yurtseven\yurtsom01,OmerYurtseven5
1639,Rade Zagorac\zagorra01,zagorac_rade
1640,Talib Zanna\zannata01,TalibZanna
1641,Nick Zeisloft\zeislni01,n_zeis2
1642,Cody Zeller\zelleco01,CodyZeller
1643,Luke Zeller\zellelu01,LukeZeller40
1644,Tyler Zeller\zellety01,ZellerTyler
1645,Stephen Zimmerman\zimmest01,BIGG_ZIMM
1646,Paul Zipser\zipsepa01,paulzzip
1647,Ante Žižić\zizican01,Ante__Zizic
1648,Ivica Zubac\zubaciv01,ivicazubac
1649,Tomislav Zubčić\zubcito01,TomislavZubcic7